{"cameraMode":{"drawMode":0,"name":"Shaded","section":"Shading Mode"},"sceneLighting":true,"audioPlay":false,"sceneViewState":{"showFog":true,"showMaterialUpdate":false,"showSkybox":true,"showFlares":true,"showImageEffects":true,"showParticleSystems":true},"in2DMode":false,"pivot":{"x":52.524497985839847,"y":16.771944046020509,"z":30.59563446044922},"rotation":{"x":0.170588418841362,"y":-0.49888530373573305,"z":0.10086939483880997,"w":0.8437050580978394},"size":41.24180603027344,"orthographic":true}