{"cameraMode":{"drawMode":0,"name":"Shaded","section":"Shading Mode"},"sceneLighting":true,"audioPlay":false,"sceneViewState":{"showFog":true,"showMaterialUpdate":false,"showSkybox":true,"showFlares":true,"showImageEffects":true,"showParticleSystems":true},"in2DMode":false,"pivot":{"x":-63.604698181152347,"y":22.32972526550293,"z":-3.0184993743896486},"rotation":{"x":-0.023106632754206659,"y":0.42263349890708926,"z":0.010779272764921189,"w":0.9059442281723023},"size":823.107421875,"orthographic":true}