{"cameraMode":{"drawMode":0,"name":"Shaded","section":"Shading Mode"},"sceneLighting":false,"audioPlay":false,"sceneViewState":{"showFog":true,"showMaterialUpdate":false,"showSkybox":false,"showFlares":true,"showImageEffects":true,"showParticleSystems":true},"in2DMode":false,"pivot":{"x":3.440000057220459,"y":0.7699999809265137,"z":-2.950000047683716},"rotation":{"x":-0.018290240317583085,"y":0.9618765115737915,"z":-0.06647507101297379,"w":-0.26465415954589846},"size":4.2266130447387699,"orthographic":false}