{"cameraMode":{"drawMode":0,"name":"Shaded","section":"Shading Mode"},"sceneLighting":false,"audioPlay":false,"sceneViewState":{"showFog":true,"showMaterialUpdate":false,"showSkybox":false,"showFlares":true,"showImageEffects":true,"showParticleSystems":true},"in2DMode":false,"pivot":{"x":57.19124984741211,"y":17.508588790893556,"z":72.48584747314453},"rotation":{"x":-0.003950522281229496,"y":0.9561330676078796,"z":-0.2926267385482788,"w":-0.012908034957945347},"size":3.457883834838867,"orthographic":false}